I_D	FLAG_TSUNAMI	YEAR	MONTH	DAY	HOUR	MINUTE	SECOND	FOCAL_DEPTH	EQ_PRIMARY	EQ_MAG_MW	EQ_MAG_MS	EQ_MAG_MB	EQ_MAG_ML	EQ_MAG_MFA	EQ_MAG_UNK	INTENSITY	COUNTRY	STATE	LOCATION_NAME	LATITUDE	LONGITUDE	REGION_CODE	DEATHS	DEATHS_DESCRIPTION	MISSING	MISSING_DESCRIPTION	INJURIES	INJURIES_DESCRIPTION	DAMAGE_MILLIONS_DOLLARS	DAMAGE_DESCRIPTION	HOUSES_DESTROYED	HOUSES_DESTROYED_DESCRIPTION	HOUSES_DAMAGED	HOUSES_DAMAGED_DESCRIPTION	TOTAL_DEATHS	TOTAL_DEATHS_DESCRIPTION	TOTAL_MISSING	TOTAL_MISSING_DESCRIPTION	TOTAL_INJURIES	TOTAL_INJURIES_DESCRIPTION	TOTAL_DAMAGE_MILLIONS_DOLLARS	TOTAL_DAMAGE_DESCRIPTION	TOTAL_HOUSES_DESTROYED	TOTAL_HOUSES_DESTROYED_DESCRIPTION	TOTAL_HOUSES_DAMAGED	TOTAL_HOUSES_DAMAGED_DESCRIPTION
5965	Tsu	1629	8	1													INDONESIA		INDONESIA:  BANDA SEA	  -4.600	  129.900	170																				2		2		
9392	Tsu	1630															INDONESIA		INDONESIA:  BANDA SEA	  -4.600	  129.900	170																								
5973	Tsu	1657	12														INDONESIA		INDONESIA:  BANDA SEA	  -3.000	  128.000	170																								
6027	Tsu	1659	11	9													INDONESIA		INDONESIA:  BANDA SEA	  -6.920	  129.125	170																								
5980	Tsu	1673	5	20													INDONESIA		INDONESIA:  N. MOLUCCAS ISLANDS	   1.375	  127.520	170								1												1				
5981	Tsu	1673	7	12													INDONESIA		INDONESIA:  BANDA SEA	  -3.000	  128.000	170								1												1				
5982	Tsu	1673	8	12													INDONESIA		INDONESIA:  N. MOLUCCAS ISLANDS	   1.375	  127.520	170								1						3						1				
5983	Tsu	1674	2	17	11	30		40	 6.8		 6.8						INDONESIA		INDONESIA:  AMBON ISLAND, SERAM ISLAND	  -3.750	  127.750	170	      86	2			        35	1		3		3			    2330	4			41	1		3		3		
5984	Tsu	1674	5	6													INDONESIA		INDONESIA:  BANDA SEA	  -3.700	  128.200	170																								
9892	Tsu	1681	12	11													INDONESIA		INDONESIA:  SUMATRA:  MENTAWAI ISLANDS			60																								
5993	Tsu	1708	11	28													INDONESIA		INDONESIA:  BANDA SEA	  -3.690	  128.150	170																								
5994	Tsu	1710	3	6													INDONESIA		INDONESIA:  BANDANEIRA	  -4.530	  129.900	170								3				3								3				3
6021	Tsu	1711	9	5					 7.0		 7.0						INDONESIA		INDONESIA:  BANDA SEA	  -4.000	  129.000	170													       2	1						1	2	1		
9533	Tsu	1722	10														INDONESIA		INDONESIA:  JAVA: DJAKARTA (JAKARTA)	  -6.174	  106.829	60																								
5907	Tsu	1754	8	18					 6.5		 6.5						INDONESIA		INDONESIA:  AMBON ISLAND	  -3.500	  128.500	170	       4	1						2		2		2	       4	1						2		2		2
5908	Tsu	1754	9	7													INDONESIA		INDONESIA:  BANDA SEA	  -3.500	  128.500	170																								
6028	Tsu	1757	8	24					 7.5		 7.5						INDONESIA		INDONESIA:  JAKARTA	  -6.000	  107.000	60																								
6036	Tsu	1763	9	12													INDONESIA		INDONESIA:  BANDANEIRA	  -6.000	  130.000	170								2		3			       7	1						2		3		
9532	Tsu	1770							 7.0		 7.0						INDONESIA		INDONESIA:  SUMATRA:	  -5.000	  102.000	60								3		3										3		3		
5919	Tsu	1775	4	18													INDONESIA		INDONESIA:  BANDA SEA	  -3.700	  128.200	170								1												1				
5933	Tsu	1797	2	10					 8.0		 8.0						INDONESIA		SW. SUMATRA	    .001	   99.000	60								1					     300	3						2		3		
6040	Tsu	1802	8														INDONESIA		INDONESIA:  BANDA SEA	  -3.700	  128.200	170																				2				
6068	Tsu	1814															INDONESIA		INDONESIA:  TIMOR ISLAND, KUPANG, KISSAR ISLAND	 -10.217	  123.633	60								3												3				
7528	Tsu	1815	4	11													INDONESIA		INDONESIA:  AMBON ISLAND	  -3.700	  128.400	170								2		2										2		2		
1620	Tsu	1815	11	22				150	 7.0		 7.0						INDONESIA		INDONESIA:  BALI	  -8.000	  115.000	60	   10253	4											   11453	4										
6069	Tsu	1816	5	1													INDONESIA		INDONESIA; MALAYSIA:  PENANG ISLAND	   5.000	   96.500	60																								
6556	Tsu	1818	3	18					 7.0		 7.0						INDONESIA		INDONESIA:  SUMATRA:  BENGKULU	  -4.000	  101.500	60								1												1				
6642	Tsu	1818	11	8				600	 8.5		 8.5						INDONESIA		INDONESIA:  SUMBAWA ISLAND:  BIMA	  -7.000	  117.000	60								2		3										2		3		
1653	Tsu	1820	12	29				80	 7.5		 7.5						INDONESIA		INDONESIA:  SULAWESI:  MAKASAR	  -7.000	  119.000	60													     500	3						2		3		
6071	Tsu	1823	9	9				150	 6.8		 6.8						INDONESIA		INDONESIA:  JAVA	  -6.500	  108.500	60																								
1722	Tsu	1828	12	29												9	INDONESIA		INDONESIA:  SULAWESI	  -7.000	  119.000	60		3						3						3						3				
1763	Tsu	1833	11	24				75	 8.3		 8.3					9	INDONESIA		INDONESIA:  SUMATRA:  BENGKULU	  -2.500	  100.500	60								2		1		1		1						2		1		1
1773		1834	10	10												9	INDONESIA		INDONESIA:  JAVA:  BOGOR, CINAJUR	  -6.700	  107.000	60								3				3								3				3
1787		1835	11	1												9	INDONESIA		INDONESIA:  MALUKU:  AMBON	  -3.700	  128.200	170					        60	2		2		2				3			60	2		2		2		
6046	Tsu	1836	3	5													INDONESIA		FLORES SEA	  -8.300	  118.700	60																								
6048	Tsu	1836	11	28					 7.5		 7.5						INDONESIA		FLORES SEA	  -8.300	  118.700	60								1		2										1		2		
6050	Tsu	1837	9	29				100	 7.3		 7.3						INDONESIA		INDONESIA:  BANDA ATJEH	   5.500	   96.000	60								2												2				
1804		1837	11	28												9	INDONESIA		INDONESIA:  SUMBAWA ISLAND:  BIMA	  -8.500	  118.500	60								2												1		2		
1819	Tsu	1840	1	4				150	 7.0		 7.0					9	INDONESIA		INDONESIA:  JAVA:  PURWOREJO	  -8.000	  110.500	60								3		3										3		3		
6558	Tsu	1840	2	14													INDONESIA		INDONESIA:  MALUKU:  TERNATE ISLAND	    .800	  127.325	170								2		3										2		3		
6052	Tsu	1841	11	26													INDONESIA		INDONESIA:  N. MOLUCCAS ISLANDS	  -5.000	  130.000	170																								
6053	Tsu	1841	12	16					 6.0		 6.0					8	INDONESIA		INDONESIA:  BANDA SEA	  -4.000	  127.500	170																				2		3		
6054	Tsu	1843	1	5				70	 7.3		 7.3						INDONESIA		SW. SUMATRA	   1.500	   98.000	60		3						3		3				3						3		3		
6055	Tsu	1843	2	7					 6.0		 6.0						INDONESIA		INDONESIA:  JAVA:  GENTENG ISLAND	  -7.200	  114.000	60																								
1865	Tsu	1845	2	8	7	30			 7.0		 7.0					9	INDONESIA		INDONESIA:  N SULAWESI:  MENADO, TIKALA, TOMOHON	   1.480	  124.850	170	     118	3						2		3			     118	3						2		3		
6057	Tsu	1846	1	25	0	0			 7.3		 7.3						INDONESIA		INDONESIA:  N. MOLUCCAS ISLANDS	   2.000	  126.500	170																								
1891		1847	11	16													INDONESIA		INDONESIA:  JAVA:  CHERIBON	  -6.670	  108.550	60								2												2				
9907	Tsu	1852	1	9				150	 6.5		 6.5					8	INDONESIA		INDONESIA:  JAVA: DJAKARTA; SUMATRA: TELUKBETUNG	  -6.500	  105.500	60								1				1								1				1
6066	Tsu	1852	11	11	0	0			 6.8		 6.8						INDONESIA		INDONESIA:  SUMATRA:  SIBOLGA	   1.500	   98.000	60																								
9882	Tsu	1852	11	19													INDONESIA		INDONESIA:  AMBON ISLAND	  -3.700	  128.200	170																								
1934	Tsu	1852	11	25	22	40		100	 8.3		 8.3					9	INDONESIA		INDONESIA:  MALUKU:  BANDANAIRA	  -5.250	  129.750	170								3		3			      60	2						3		3		
9883	Tsu	1852	12	24					 7.0		 7.0						INDONESIA		INDONESIA:  BANDANEIRA	  -5.000	  130.500	170								1		1				1						1		2		
6115	Tsu	1854	1	4					 6.0		 6.0						INDONESIA		INDONESIA:  BANDA SEA	  -3.500	  128.600	170																								
6644	Tsu	1854	9	27													INDONESIA		INDONESIA:  MALUKU:  TERNATE ISLAND	    .800	  127.400	170																								
1985		1855	7	14												9	INDONESIA		INDONESIA:  MALUKU:  TERNATE ISLAND	    .800	  127.300	170	      34	1						2	1	1		2	      34	1						2	1	1		2
1995	Tsu	1856	3	2													INDONESIA		INDONESIA:  SANGIHE PULAU (VOLCANIC)	   3.670	  125.500	170													    2806	4				2		3		3		
6123	Tsu	1856	7	25													INDONESIA		INDONESIA:  LOMBOK ISLAND	  -8.500	  116.000	60																								
6126	Tsu	1857	5	13				50	 7.0		 7.0						INDONESIA		INDONESIA:  TIMOR ISLAND::  DILHI, GERA	  -8.000	  115.500	60	      36	1						2		2			      36	1						2		2		
6127	Tsu	1857	11	17													INDONESIA		INDONESIA:  SULAWESI ISLAND:  KEMA	   1.350	  125.200	170																				2		3		
6128	Tsu	1857	11	18													INDONESIA		INDONESIA:  SULAWESI ISLAND:  KEMA	   1.350	  125.200	170																								
6131	Tsu	1858	12	13					 7.3		 7.3						INDONESIA		INDONESIA:  N. MOLUCCAS ISLANDS	   1.000	  126.000	170								1	15	1										3		3		
6132	Tsu	1859	6	28					 7.0		 7.0						INDONESIA		INDONESIA:  N. MOLUCCAS ISLANDS	   1.000	  126.500	170																								
6133	Tsu	1859	7	20													INDONESIA		INDONESIA:  LONTHOR ISLAND	  -4.600	  129.900	170																								
6561	Tsu	1859	7	29					 7.3		 7.3						INDONESIA		INDONESIA:  SULAWESI	    .009	  125.500	170																				2		2		
6136	Tsu	1859	9	25					 6.8		 6.8						INDONESIA		INDONESIA:  NEIRA I, LONTHOR I	  -5.500	  130.500	170																								
6137	Tsu	1859	10	20													INDONESIA		S. JAVA SEA	  -9.000	  111.000	60													       2	1						1				
6551	Tsu	1859	12	17													INDONESIA		INDONESIA:  SULAWESI:  MANADO, BELANG	    .900	  124.900	170																								
6535	Tsu	1860	8														INDONESIA		INDONESIA:  SULAWESI:  MINAHASSA	   1.300	  121.000	170																								
6140	Tsu	1860	10	6													INDONESIA		INDONESIA: HALMAHERA ISLAND	  -1.250	  128.500	170																								
2043	Tsu	1861	2	16				70	 8.5		 8.5					9	INDONESIA		INDONESIA:  LAGUNDI, SIMUK, TELLO I	  -1.000	   97.500	60		3						2					    1105	4						2				
6142	Tsu	1861	3	9				20	 7.0		 7.0						INDONESIA		INDONESIA:  SW. SUMATRA	    .009	   98.000	60		3						2	96	2			     950	3						3	96	2		
6143	Tsu	1861	4	26				70	 7.0		 7.0						INDONESIA		INDONESIA:  SW. SUMATRA	   1.000	   97.500	60																								
6144	Tsu	1861	6	17					 6.8		 6.8						INDONESIA		INDONESIA:  SW. SUMATRA	   1.000	   97.500	60																								
6145	Tsu	1861	9	25					 6.5		 6.5						INDONESIA		INDONESIA:  SW. SUMATRA	  -1.500	  100.000	60																				1		1		
6149	Tsu	1863	3	16													INDONESIA		INDONESIA:  JAVA	  -6.100	  106.700	60																								
2076		1863	7	31													INDONESIA		INDONESIA:  JAVA:  BANYUMAS	  -7.500	  109.300	60								2		3										2		3		
2086	Tsu	1864	5	23					 7.8		 7.8					7	INDONESIA		INDONESIA:   IRIAN JAYA:  MANOKWARI	  -1.000	  135.000	170								3		3			     250	3						3		3		
2094		1865	7	16													INDONESIA		INDONESIA:  JAVA:  AMBARAWA	  -7.200	  110.300	60								2												2				
2117		1867	6	10												9	INDONESIA		INDONESIA:  JAVA:  JOGYAKARTA, SURAKARTA	  -7.800	  110.400	60	       5	1						3	372	3			       5	1						3	372	3		
6172	Tsu	1871	8	25													INDONESIA		INDONESIA:  GORONTALO	    .500	  123.000	170																								
2240		1875	10	25												8	INDONESIA		INDONESIA:  W JAVA:  KUNINGAN	  -6.900	  108.300	60	       7	1						3			1001	4	       7	1						3			1001	4
6184	Tsu	1876	5	28				50	 6.8		 6.8					7	INDONESIA		INDONESIA:  BURU ISLAND, CERAM SEA	  -3.000	  127.250	170								1				3								1				3
6206	Tsu	1882	10	10					 7.5		 7.5						INDONESIA		INDONESIA:  BANDANEIRA	  -4.500	  129.900	170																								
6208	Tsu	1885	4	30					 7.3		 7.3						INDONESIA		INDONESIA:  BURU I, AMBON I, HARUKU I	  -2.500	  127.500	170								1												1	3	1		
6612	Tsu	1885	7	29					 6.8		 6.8						INDONESIA		INDONESIA:  SUMATRA:  AJERBANGIS	       	   99.500	60																								
6210	Tsu	1885	12	14													INDONESIA		INDONESIA:  BANDA ATJEH	   5.550	   95.300	60																								
6553	Tsu	1886	1	31													INDONESIA		INDONESIA:  KOETA RADJA (ATJEH)	   5.600	   95.300	60																								
9895	Tsu	1887	5	19													INDONESIA		INDONESIA:  SUMATRA:  ACEH:  SIGLI	   5.400	   96.000	60																								
6212	Tsu	1888	3	21													INDONESIA		INDONESIA:  SUMATERA:  BREUEH ISLAND	   5.800	   95.000	60																								
6309	Tsu	1889	9	6	12			70	 8.0		 8.0						INDONESIA		INDONESIA:  N. MOLUCCAS ISLANDS	   1.000	  126.250	170								2		2		1								2		2		1
6214	Tsu	1889	11	23					 6.0		 6.0						INDONESIA		INDONESIA:  MADURA ISLAND, JAVA	  -7.000	  113.500	60																								
2403		1890	11	23												7	INDONESIA		INDONESIA:  BANDANEIRA	  -4.500	  129.900	170								2				3								2				3
2404		1890	12	12												8	INDONESIA		INDONESIA:  JAVA:  PATI	  -6.760	  111.040	60		2						2		3				2						2		3		
9896	Tsu	1891	5	19													INDONESIA		INDONESIA:  SUMATRA:  ACEH:  SIGLI	   5.400	   96.000	60																								
6570	Tsu	1891	10	5				80	 7.0		 7.0						INDONESIA		TIMOR SEA	  -9.000	  124.000	60																								
6217	Tsu	1892	5	17	12	10										6	INDONESIA		INDONESIA:  SUMATRA:  PADANGSIDIMPUAN, LAKE TOBA	   2.500	   99.500	60								2		3		3								2		3		
6571	Tsu	1892	11	18				70	 7.0		 7.0						INDONESIA		INDONESIA: SERAM ISLAND	  -3.000	  127.750	170																								
2485		1896	4	18												8	INDONESIA		INDONESIA:  TIMOR:  ALOR ISLAND	  -8.250	  124.750	60	     250	3						2		3			     250	3						2		3		
6226	Tsu	1896	10	10				130	 6.8		 6.8						INDONESIA		INDONESIA:  SW. SUMATRA, JAVA	  -3.500	  102.500	60								1				1								1				1
6647	Tsu	1897	3	15				15	 5.5		 5.5						INDONESIA		INDONESIA:  KAJUADI ISLAND	  -6.800	  120.800	60																								
6229	Tsu	1899	9	29	17	3			 7.8		 7.8						INDONESIA		INDONESIA:  BANDA SEA	  -3.000	  128.500	170	    2460	4			       300	3		3					    2460	4			300	3		3				
9925	Tsu	1900	1	10													INDONESIA		INDONESIA:  GALELA (HALMAHERA ISLAND)	   -.030	  127.250	170																								
2567		1900	1	14												7	INDONESIA		INDONESIA:  JAVA:  SUKABUMI	  -6.840	  106.960	60								2				3								2				3
6574	Tsu	1900	10	7	21	4		33	 6.9		 6.9						INDONESIA		INDONESIA:  NW. IRIAN JAYA	  -4.000	  140.000	170													       5	1						1	1	1		
2645		1903	2	27	0	43	 18.0		 8.1		 8.1						INDONESIA		INDONESIA:  S OF JAVA	  -8.000	  106.000	60																								
6237	Tsu	1903	3	30				33	 6.5		 6.5						INDONESIA		INDONESIA:  TIFU, MASARETE, KAJELI	  -3.000	  127.500	170																								
6242	Tsu	1904	9	7													INDONESIA		INDONESIA:  S. JAVA	  -7.700	  109.000	60																								
2702		1905	1	22	2	43	 54.0	90	 8.4		 8.4						INDONESIA		INDONESIA:  MINAHASSA PENINSULA	   1.000	  123.000	170																								
2800	Tsu	1907	1	4	5	19	 12.0	50	 7.8		 7.8						INDONESIA		INDONESIA:  NW SUMATRA:  GUNUNGSITOLi, BARUS	   2.000	   94.500	60								3		3		3	     400	3						3		3		
6246	Tsu	1907	3	29	20	46	 30.0	500	 7.3		 7.3						INDONESIA		INDONESIA:  TALAUD ISLANDS:  KARAKELONG ISLAND	   3.000	  122.000	170																								
2813		1907	6	25	17	54	 36.0	200	 7.9		 7.9						INDONESIA		INDONESIA:  DJAILOLO GILOLO	   1.000	  127.000	170																								
2814		1907	7	30												8	INDONESIA		INDONESIA:  SULAWESI:  LEMO, COLO, ANJA, OLU CONGKO	  -2.000	  121.000	170								2	213	3										2	213	3		
6250	Tsu	1908	2	6				130	 7.5		 7.5						INDONESIA		SW. SUMATRA	  -2.000	  100.000	60																								
7527	Tsu	1908	3	23	12	20			 6.6		 6.6						INDONESIA		INDONESIA:  TIMOR	 -10.000	  129.000	60								1												1				
2836		1908	5	5	6	16			 7.5		 7.5						INDONESIA		INDONESIA:  CELEBES SEA	   3.000	  123.000	170																								
2868	Tsu	1909	6	3	18	40	 48.0	40	 7.6		 7.6						INDONESIA		INDONESIA:  SW SUMATRA:  KERINTJI, REDJANGLEBONG	  -2.000	  101.000	60		3						3		3		3		3						3		3		
2917		1910	12	16	14	45			 7.5		 7.5						INDONESIA		INDONESIA:  TALAUD ISLANDS	   4.500	  126.000	170																								
6576	Tsu	1910	12	18	2	42			 6.7		 6.7					8	INDONESIA		INDONESIA:  SULAWESI-N. MOLUCCAS ISLANDS	   4.000	  127.000	170								1				1								1				1
2973	Tsu	1913	3	14	8	45	  4.3	15	 7.8	 7.8	 7.9	 7.7				9	INDONESIA		INDONESIA:  SANGIHE ISLAND	   5.354	  126.121	170	     138	3				2		2		3			     138	3				2		2		3		
3005	Tsu	1914	5	26	14	22	 47.7	15	 8.1	 8.1	 8.0	 7.3				9	INDONESIA		INDONESIA:  NEW GUINEA:  IRIAN JAYA:  JAPEN	  -1.829	  136.943	170		3						2		3				3						2		3		
3010	Tsu	1914	6	25	19	7	 25.9	35	 7.6	 7.6	 7.6	 7.6					INDONESIA		INDONESIA:  SUMATERA	  -3.924	  101.820	60	      20	1			        20	1		1		1			      20	1			20	1		1		1		
6264	Tsu	1915	5	23													INDONESIA		INDONESIA:  KAIMANA	  -3.644	  133.695	170																								
6542	Tsu	1915	11	6					 6.0		 6.0						INDONESIA		INDONESIA:  NW. IRIAN JAYA	  -1.000	  136.000	170																								
3046		1916	1	13	6	18	 16.0	30	 8.1		 8.1						INDONESIA		INDONESIA:  NEW GUINEA:  IRIAN JAYA	  -3.000	  136.000	170																								
3047		1916	1	13	8	20	 48.0	16	 8.1		 8.1						INDONESIA		INDONESIA:  NEW GUINEA:  IRIAN JAYA	  -3.000	  135.500	170																								
3064		1916	9	11	6	36	 30.0	100	 7.3		 7.3						INDONESIA		INDONESIA:  JAVA	  -9.000	  113.000	60								3	340	3										3	340	3		
3072	Tsu	1917	1	20	23	11	 34.0		 6.6		 6.6					9	INDONESIA		INDONESIA:  BALI	  -7.000	  116.000	60	    1500	4						2		2			    1500	4						2		2		
3094		1917	8	30	4	7	 15.0	100	 7.8		 7.8						INDONESIA		INDONESIA:  BANDA SEA	  -7.500	  128.000	170																								
3128		1918	11	18	18	41	 55.0	190	 8.1		 8.1						INDONESIA		INDONESIA:  BANDA SEA	  -7.000	  129.000	170																								
9798	Tsu	1919	11	21												8	INDONESIA		INDONESIA:  IRIAN JAYA REGION	  -2.550	  140.750	170								1		1										1		1		
6581	Tsu	1920	1	29													INDONESIA		INDONESIA:  N. MOLUCCAS ISLANDS	    .870	  122.920	170																								
3173	Tsu	1921	5	14	11	17	 45.0		 6.2		 6.2					8	INDONESIA		INDONESIA:  SANGKULIRANG,RENDING,KARIORANG,SEKURAN	    .700	  117.900	170								2		1		1								2		1		1
3175	Tsu	1921	9	11	4	1	 38.0		 7.5		 7.5						INDONESIA		INDONESIA:  S OF JAVA	 -11.000	  111.000	60								1												1				
3178		1921	10	10												7	INDONESIA		INDONESIA:  NEW GUINEA:  IRIAN JAYA:  SENTANI	  -2.300	  138.800	170								2												2				
6275	Tsu	1922	2	22													INDONESIA		INDONESIA:  BANDA	  -3.300	  128.900	170																								
6276	Tsu	1922	4	10													INDONESIA		SW. SUMATRA	  -1.000	  100.350	60																								
6278	Tsu	1922	7	8													INDONESIA		LHOKNGA, ACEH	   5.500	   95.200	60																								
3221		1923	5	15												9	INDONESIA		INDONESIA:  JAVA:  MAOS	  -7.700	  109.200	60								2												2				
3235		1923	10	7	3	29	 34.0		 7.5		 7.5						INDONESIA		INDONESIA:  DJAILOLO GILOLO	  -1.750	  128.750	170																								
3254		1924	11	12													INDONESIA		INDONESIA:  JAVA	  -7.300	  109.800	60	      60	2																						
3256		1924	12	2												9	INDONESIA		INDONESIA:  JAVA:  WONOSOBO	  -7.300	  109.900	60	     727	3						3																
6294	Tsu	1925	1	8												3	INDONESIA		INDONESIA:  BANDA SEA	  -8.000	  115.000	60																								
3290	Tsu	1926	6	28	3	23	 25.0		 5.8		 5.8					9	INDONESIA		INDONESIA:  SUMATERA	   -.700	  100.600	60		3				3		2						3				3		2				
7865		1926	7	5													INDONESIA		INDONESIA:  SUMATRA	   -.300	  100.400	60		3						2		2				3						2		2		
3297		1926	10	26	3	44	 41.0		 7.9		 7.9						INDONESIA		INDONESIA:  NEW GUINEA:  IRIAN JAYA	  -3.500	  138.500	170																								
3300		1926	12	13												9	INDONESIA		INDONESIA:  JAVA:  PRUPUK,MARGARSARI,DUBUKTENGAH	  -7.100	  109.000	60						2		3										2		3				
3339	Tsu	1927	12	1	4	37	 27.0		 6.3		 6.3					7	INDONESIA		INDONESIA:  SULAWESI:  DONGGALA	   -.700	  119.700	170								2		2			      50	1			50	1		3		3		
6085	Tsu	1930	6	19	13	7	 27.0	33	 6.0		 6.0						INDONESIA		JAVA-S. JAVA SEA	  -5.600	  105.300	60																								
6086	Tsu	1930	7	19	15	20	 12.0	100	 6.5		 6.5						INDONESIA		S. JAVA SEA	  -9.300	  114.300	60																								
6087	Tsu	1930	9	11												4	INDONESIA		INDONESIA:  AMURANG ISLAND	   1.200	  124.570	170																								
6320	Tsu	1931	9	25	5	59	 44.0		 7.4		 7.4					8	INDONESIA		SW. SUMATRA	  -5.000	  102.750	60								1												1				
3487		1932	5	14	13	11	    		 7.4	 7.4	 8.3					7	INDONESIA		INDONESIA:  SULAWESI:  KAKAS,LANGOWAN,POSO,TONDANO	    .500	  126.000	170	       6	1			       115	2		3	592	3			       6	1			115	2		3	592	3		
6094	Tsu	1932	9	9	13	38	 52.0	17								7	INDONESIA		INDONESIA:  AMBON ISLAND, CERAM ISLAND	  -3.570	  128.350	170								3	73	2		3								2	73	2		3
3521		1933	6	24	21	54	 48.8	20	 7.5	 7.5	 7.5						INDONESIA		INDONESIA:  S SUMATERA	  -5.151	  104.528	60																								
10466		1933	6	25	5	43	 22.0	20	 5.8	 5.8						9	INDONESIA		INDONESIA:  S SUMATERA	  -5.007	  104.501	60		1						2						1						2				
6106	Tsu	1935	11	25	10	3	  3.0		 6.5		 6.5						INDONESIA		INDONESIA:  CELEBES SEA	   5.500	   94.000	60																								
3567	Tsu	1935	12	28	2	35	 22.0	33	 7.9		 7.9					8	INDONESIA		INDONESIA:  N SUMATERA:  BATU I,PADANG,SIBOLGA	       	   98.250	60						1		2		2								1		2		2		
3572	Tsu	1936	4	1	2	9	 15.0	60	 7.7		 7.7					9	INDONESIA		INDONESIA:  TALAUD ISLANDS	   4.500	  126.500	170					         3	1		2	169	3							3	1		2	169	3		
3582	Tsu	1936	8	23	21	12	 13.0		 7.3		 7.3					8	INDONESIA		INDONESIA:  BANDA ACEH,LHOK SUKON,LHOKSEMAWE	   6.100	   94.700	60	       9	1			        20	1		2					       9	1			20	1		2				
3583		1936	9	9												8	INDONESIA		INDONESIA:  N SUMATERA:  TAPANULI, KARO	   3.500	   97.500	60	      17	1						2					      17	1						2				
3600		1937	9	27	8	55	 10.0	70	 7.2						 7.2	9	INDONESIA		INDONESIA:  JAVA:  JOGYAKARTA:  KLUMPIT,PRAMBANAN	  -9.400	  110.200	60	       1	1						3	326	3	2200	4	       1	1						3	326	3	2200	4
6550	Tsu	1937	11	6				33									INDONESIA		INDONESIA:  NEW GUINEA:  FAKFAK	  -3.000	  132.300	170																								
3609	Tsu	1938	2	1	19	4	 18.0	25	 8.5	 8.5	 8.2						INDONESIA		INDONESIA:  NEW GUINEA	  -5.250	  130.500	170																				2	24	1	8	1
6643	Tsu	1938	2	13													INDONESIA		INDONESIA:  NEW GUINEA:  FAKFAK	  -3.000	  132.300	170								1												1				
3619	Tsu	1938	5	19	17	8	 21.0		 7.6		 7.6					9	INDONESIA		INDONESIA:  SULAWESI ISLAND	  -1.000	  120.000	170								3	942	3	184	3	      17	1						3	942	3	184	3
3651	Tsu	1939	12	21	21	0	 40.0	150	 8.0		 8.0						INDONESIA		INDONESIA:  CENTRTAL SULAWESI:  KALO,LUWUK,SULA I	       	  123.000	170								2		3										2		3		
3705		1942	5	28	1	1	 48.0	120	 7.5		 7.5						INDONESIA		INDONESIA:  MINAHASSA PENINSULA	       	  124.000	170																								
3745		1943	6	9	3	6	 22.0	50	 7.6		 7.6						INDONESIA		INDONESIA:  S SUMATERA	  -1.000	  101.000	60																								
3749		1943	7	23	14	53	  9.0	90	 8.1		 8.1					8	INDONESIA		INDONESIA:   JAVA:  JOGYAKARTA	  -9.500	  110.000	60	     213	3			      2096	4		3			2800	4	     213	3			2096	4		3			2800	4
3762		1943	11	6	8	31	 37.0	60	 7.6		 7.6						INDONESIA		INDONESIA:  NEW GUINEA:  IRIAN JAYA:  ARU ISLANDS	  -6.000	  134.500	170																								
3777		1944	3	22	0	43	 18.0	220	 7.5		 7.5						INDONESIA		INDONESIA:  FLORES	  -8.500	  123.500	60																								
3872		1948	3	1	1	12	 28.0	60	 7.9		 7.9						INDONESIA		INDONESIA:  SERAM	  -3.000	  127.500	170																								
6629	Tsu	1948	6	2	18	58	 18.0		 6.2		 6.2						INDONESIA		INDONESIA:  OFF NORTHWEST COAST	   6.000	   95.000	60																								
6359	Tsu	1949	5	9	13	36	 18.0		 6.7		 6.7						INDONESIA		INDONESIA:  BANDA ACEH	   5.000	   95.000	60																								
3943		1950	6	19	12	36	 54.0		 6.5		 6.5					7	INDONESIA		INDONESIA:  JAVA:  GRESIK	  -6.000	  113.000	60	      16	1			        50	1		1	50	1			      16	1			50	1		1	50	1		
3955	Tsu	1950	10	8	3	23	  9.0	60	 7.6		 7.6						INDONESIA		INDONESIA:  SERAM	  -3.800	  128.300	170													       1	1						3		3		3
3956		1950	11	2	15	27	 56.0	60	 8.1		 8.1						INDONESIA		INDONESIA:  BANDA SEA	  -6.500	  129.500	170																								
4059		1954	11	2	8	24	 54.0		 6.8		 6.8					8	INDONESIA		INDONESIA:  SUMABAWA:  BIMA,RABA	  -8.000	  119.000	60								1				2								1				2
4102		1956	7	18	6	19	 35.0	190	 7.5		 7.5				 7.5		INDONESIA		INDONESIA:  BANDA SEA	  -5.500	  130.000	170																								
4121		1957	4	16	4	4	  4.0	600	 7.5		 7.5						INDONESIA		INDONESIA:  JAVA SEA	  -4.600	  107.100	60																								
4132	Tsu	1957	6	22	23	50	 23.0	33	 7.3		 7.3						INDONESIA		INDONESIA:  NEW GUINEA:  IRIAN JAYA	  -1.500	  137.000	170								3												3				
6377	Tsu	1957	9	26													INDONESIA		S. JAVA SEA	  -8.200	  107.300	60																								
6378	Tsu	1957	10	26	14	16	 57.0		 6.0		 6.0						INDONESIA		INDONESIA:  KALIMANTAN ISLAND	  -2.000	  116.000	170																								
6324	Tsu	1958	4	21	22	37	 36.0	200	 6.7		 6.7						INDONESIA		INDONESIA:  SUMATRA:  BENGKULU	  -4.500	  104.000	60																								
4178		1958	10	20	1	12	 37.0	100	 6.7		 6.7					8	INDONESIA		INDONESIA:  JAVA:  MALANG	  -9.500	  112.500	60	       8	1			      1856	4		2	95	2	206	3	       8	1			1856	4		2	95	2	206	3
4221		1960	4	29	9	16	 20.0									8	INDONESIA		INDONESIA:  CENTRAL SULAWESI:  UNA-UNA ISLAND	   -.500	  121.500	170								2	50	1										2	50	1		
4240		1961	3	16	13	45	 35.6	74	 6.5		 6.5					8	INDONESIA		INDONESIA:  FLORES:  ENDEH	  -8.200	  122.000	60	       2	1			         6	1		2					       2	1			6	1		2				
4292		1963	5	18	12	20	 34.4	65	 6.0		 6.0						INDONESIA		INDONESIA:  BALI	  -8.200	  115.600	60																								
4306		1963	11	4	1	17	 11.4	100	 8.3		 8.3	 7.8					INDONESIA		INDONESIA:  BANDA SEA	  -6.860	  129.580	170								1												1				
6408	Tsu	1963	12	16	1	51	 31.0	64	 6.6		 6.6						INDONESIA		INDONESIA:  JAVA:  LABUHAN, MENES, PONOROGO	  -6.400	  105.400	60								1				1								1				1
4307		1964	1	8	22	30	 49.7	90	 5.2		 5.2						INDONESIA		INDONESIA:  SULAWESI:  PINRANG	  -3.700	  119.400	170	       8	1			        27	1		2					       8	1			27	1		2				
4313	Tsu	1964	4	2	1	11	 51.0	130	 7.0		 7.0	 5.6				7	INDONESIA		INDONESIA:  BANDA ACEH	   5.900	   95.700	60								3		3										3		3		
4334	Tsu	1965	1	24	0	11	 12.1	6	 7.6		 7.6						INDONESIA		INDONESIA:  SANANA ISLAND	  -2.400	  126.100	170	      71	2						2	3000	4			      71	2						2	3000	4		
4394		1967	2	19	22	14	 35.3	80	 6.8		 6.8					9	INDONESIA		INDONESIA:  JAVA:  DAMPIT,GONDANG,TRENGGALEK	  -9.200	  113.100	60	      54	2			       300	3		3	2000	4	5000	4	      54	2			300	3		3	2000	4	5000	4
4396	Tsu	1967	4	11	5	9	 12.1	33	 5.5		 5.5					8	INDONESIA		INDONESIA:  MAKASSAR STRAIT	  -3.700	  119.300	170	      58	2			       100	2		2		2			      71	2			100	2		2		2		
4397	Tsu	1967	4	12	4	51	 50.2	100	 6.1		 6.1						INDONESIA		INDONESIA-MALAYSIA:  N SUMATERA,MALAY PENINSULA	   5.500	   97.300	60	      14	1						3	2000	4			      14	1						3	2000	4		
4441		1968	5	28	13	27	 18.7	65	 7.7		 7.7	 6.1					INDONESIA		INDONESIA:  NEW GUINEA:  IRIAN JAYA	  -2.900	  139.300	170																								
4452	Tsu	1968	8	10	2	7	  4.3	25	 7.6		 7.6						INDONESIA		INDONESIA:  MOLUCCA ISLANDS: MANADO, CELEBES	   1.400	  126.200	170								1												1				
4454	Tsu	1968	8	14	22	14	 19.4	23	 7.4						 7.4	8	INDONESIA		INDONESIA:  SULAWESI:  TAMBU,COAST OF MAPAGA	    .200	  119.800	170													     200	3			58	2		3	800	3		
4474		1969	1	30	10	29	 40.4	70	 7.5		 7.5	 5.9					INDONESIA		INDONESIA:  TALAUD ISLANDS, MINDANAO, VISAYAN	   4.800	  127.400	170																								
4476	Tsu	1969	2	23	0	36	 56.6	13	 7.4		 7.4					8	INDONESIA		INDONESIA:  SULAWESI:  PARASANGA, PALETOANG	  -3.100	  118.900	170	      64	2			        97	2		3	1287	4			     664	3			97	2		3	1287	4		
4508		1969	11	21	2	5	 35.0	20	 7.7		 7.7						INDONESIA		INDONESIA:  OFF NW COAST SUMATERA	   2.100	   94.600	60																								
4554		1971	1	10	7	17	  3.7	34	 8.1		 8.1	 7.3				9	INDONESIA		INDONESIA:  NEW GUINEA: IRIAN JAYA:DJAJAPURA,SENTANI	  -3.100	  139.700	170								2		1		2								2		1		2
4555		1971	2	4	15	33	 28.6	40	 7.1		 7.1	 6.3				6	INDONESIA		INDONESIA:  NATAL, SIBOLGA, TARUTUNG, PASAMAN	    .600	   98.800	60								2												2				
4568		1971	6	16	14	44	 22.5	35	 5.2			 5.2			 5.2		INDONESIA		INDONESIA:  JAVA:  BUARAN,BANTAR KAWSUN,JIPANG	  -7.200	  109.100	60	       1	1			         6	1		3			1377	4	       1	1			6	1		3			1377	4
4605		1972	6	11	16	41	   .9	325	 7.8	 7.8	 7.5	 5.8					INDONESIA		INDONESIA:  CELEBES SEA	   3.900	  124.300	170																								
4676	Tsu	1975	1	15	9	42	 24.0		 5.9		 5.9					7	INDONESIA		INDONESIA:  MALUKU:  BANDANAIRA	  -5.000	  130.000	170								2	81	2	6	1								2	81	2	6	1
4683		1975	2	9	4	45	 24.5	27	 5.6		 5.6	 5.2				8	INDONESIA		INDONESIA:  JAVA	  -6.700	  106.700	60	       1	1						2					       1	1						2				
4729		1976	6	25	19	18	 56.9	33	 7.1		 7.1	 6.1					INDONESIA		INDONESIA:  NEW GUINEA:  IRIAN JAYA	  -4.603	  140.091	170	    6000	4						3					    6000	4						3				
4731		1976	7	14	7	13	 24.0	40	 6.5		 6.5	 6.2					INDONESIA		INDONESIA:  BALI	  -8.170	  114.888	60	     573	3			      4755	4	     195.000	4					     573	3			4755	4	     195.000	4				
4746		1976	10	29	2	51	  7.6	33	 7.1		 7.1	 6.1				8	INDONESIA		INDONESIA:  NEW GUINEA:  IRIAN JAYA:  JAYAWIJAYA	  -4.517	  139.918	170	     133	3						1				1	     133	3						1				1
4758		1977	1	26	13	11	 29.8	33	 5.2			 5.2			 5.0	6	INDONESIA		INDONESIA:  BALI: KAYUBIHI,BANJAR ANTUGAN JEHEM	  -8.220	  115.190	60								1																
4763		1977	3	8	23	17	 28.0	22	 6.0		 6.0	 5.5			 6.0	8	INDONESIA		INDONESIA:  SUMATERA,SINURAT,TALU	    .450	  100.020	60								1																
4779	Tsu	1977	8	19	6	8	 55.2	33	 8.0		 8.0	 7.0					INDONESIA		INDONESIA:  SUNDA ISLANDS	 -11.085	  118.464	60								1					     189	3			75	2	       1.200	2				
4832		1979	5	21	16	31	  5.2	43	 5.4		 5.4	 5.4					INDONESIA		INDONESIA:  BALI	  -8.299	  115.934	60								3																
4834		1979	5	30	9	38	 52.9	25	 5.8		 5.8	 6.1					INDONESIA		INDONESIA:  SUMBAWA ISLAND	  -8.207	  115.949	60	      22	1					       4.150	2					      22	1					       4.150	2				
4842	Tsu	1979	9	12	5	17	 51.4	5	 7.9		 7.9	 6.3					INDONESIA		INDONESIA:  NEW GUINEA:  IRIAN JAYA	  -1.679	  136.040	170	      15	1				3		3	1000	3			     115	3				3		3	1000	3		
4849		1979	10	20	1	41	 10.4	38	 6.2		 6.2	 6.0					INDONESIA		INDONESIA:  SUMBAWA ISLAND	  -8.254	  115.847	60	       2	1			        40	1		2					       2	1			40	1		2				
4851		1979	11	2	15	53	  3.5	62	 6.1		 6.1						INDONESIA		INDONESIA:  JAVA	  -7.656	  108.252	60	      30	1			       200	3	      16.000	3					      30	1			200	3	      16.000	3				
4866		1979	12	15	0	2	 41.6	33	 6.6		 6.6	 5.8					INDONESIA		INDONESIA:  S SUMATERA	  -3.299	  102.712	60	       8	1			       162	3		2	2500	4			       8	1			162	3		3	2500	4		
4867		1979	12	17	19	58	 23.8	33	 6.3		 6.3	 5.6					INDONESIA		INDONESIA:  SUMBAWA ISLAND:  BALI, LOMBOK	  -8.390	  115.889	60	      27	1			       200	3		2					      27	1			200	3						
4872		1980	4	16	12	18	 20.6	84	 5.8			 5.8					INDONESIA		INDONESIA:  JAVA:  TASIKMALAJA	  -8.082	  108.793	60								2												2				
4909		1981	1	19	15	11	  1.0	33	 6.7		 6.7	 6.0					INDONESIA		INDONESIA:  NEW GUINEA:  IRIAN JAYA: JAYAWIJAYA MTS	  -4.576	  139.232	170	     305	3				2	       5.000	2					     305	3				2	       5.000	2				
4939		1982	2	10	16	17	 51.5	40	 5.5			 5.5					INDONESIA		INDONESIA:  JAVA, SUKABUMI	  -6.863	  106.936	60					        17	1	       3.500	2									17	1	       3.500	2				
6461	Tsu	1982	2	24	4	22	 40.3	52	 5.4		 5.4	 5.4					INDONESIA		INDONESIA:  NORTHERN SUMATERA	   4.374	   97.755	60																								
6512	Tsu	1982	3	11	10	32	 27.7	33	 6.4		 6.4	 6.1					INDONESIA		INDONESIA:  SUMBAWA ISLAND REGION	  -9.265	  118.479	60																								
4949		1982	8	6	20	40	 52.2	46	 5.6		 5.6	 5.9					INDONESIA		INDONESIA:  FLORES ISLANDS:  RUTENG	  -8.375	  120.577	60								2												2				
4959	Tsu	1982	12	25	12	28	  2.8	33	 5.9		 5.9	 5.5					INDONESIA		INDONESIA:  FLORES ISLAND:  EASTERN	  -8.405	  123.080	60	      13	1			       390	3	       1.450	2	1875	4			      13	1			390	3	       1.450	2	1875	4		
6463	Tsu	1983	3	12	1	36	 35.8	17	 6.5		 6.5	 6.0					INDONESIA		INDONESIA:  BANDA SEA	  -4.056	  127.924	170								1												1				
4973		1983	4	4	2	51	 34.3	79	 6.6			 6.6				7	INDONESIA		INDONESIA:  SUMATERA:  BANDA ACEH	   5.723	   94.722	60		1			       100	2	       1.000	2						1			100	2	       1.000	2				
4992		1983	10	16	5	32	 28.7	40	 6.0		 6.0	 6.0					INDONESIA		INDONESIA:  CELEBES:  MINAHASSA:  TOLITOLI	   1.084	  121.052	170								2	20	1	15	1								2	20	1	15	1
4993		1983	10	25	0	36	 23.4	33	 6.1		 6.1	 5.8				7	INDONESIA		INDONESIA:  CENTRAL SULAWESI	   1.131	  120.858	170	       2	1			         4	1		2	20	1	4	1	       2	1			4	1		2	20	1	4	1
5019	Tsu	1984	1	8	15	24	 13.5	33	 6.6		 6.6	 6.0				7	INDONESIA		INDONESIA:  SULAWESI:  W	  -2.823	  118.806	170	       2	1			        89	2	        .500	1			685	3	       2	1			89	2	        .500	1			685	3
5043		1984	8	27	6	41	 26.2	33	 5.2		 5.2	 5.1					INDONESIA		INDONESIA:  N SUMATERA:  TARUTUNG	   1.761	   99.075	60					       123	3	       1.000	2	415	3							123	3	       1.000	2	415	3		
5063	Tsu	1985	4	13	1	6	   .1	99	 6.2			 6.2					INDONESIA		INDONESIA:  DENPASAR, BALI	  -9.245	  114.185	60								2		2										2		2		
5074		1985	9	15	2	42	 54.8	10	 6.3		 6.3	 5.9					INDONESIA		INDONESIA:  NEW GUINEA:  IRIAN JAYA:  ENAROTALI	  -4.130	  136.049	170	      10	1			         7	1		2					      10	1			7	1		2				
5085		1985	11	17	9	40	 21.2	10	 7.1		 7.1	 6.0				8	INDONESIA		INDONESIA:  NEW GUINEA:  IRIAN JAYA:  MANOKWARI	  -1.639	  134.911	170								1												1				
5090		1986	1	29	11	56	 34.6	33	 5.0			 5.0					INDONESIA		INDONESIA:  SUMATERA:  S, HAHAT, MUARAENIM	  -3.904	  103.461	60					         2	1		3									2	1		3				
5134		1987	4	25	19	22	  7.2	11	 6.6		 6.6	 5.9					INDONESIA		INDONESIA:  SUMATERA:  N, TARUTUNG-LAKE TOBA,	   2.244	   98.866	60	       2	1			        22	1	       1.000	2	300	3			       2	1			22	1	       1.000	2	300	3		
5150	Tsu	1987	11	26	1	43	 14.0	33	 6.5		 6.5	 5.8					INDONESIA		INDONESIA:  TIMOR:  PANTAR, MOUNT SIRUNG	  -8.247	  124.155	60	     125	3			       108	3	       5.000	2	237	3			     125	3			108	3	       5.000	2	237	3		
5188		1989	3	8	11	44	 32.3	32	 5.6		 5.6	 5.9					INDONESIA		INDONESIA:  MOLUCCA PASSAGE:  MOROTAI, TANAWANGU	   1.031	  126.189	170								3																
5206		1989	7	14	20	42	 40.0	10	 6.2		 6.2	 6.4					INDONESIA		INDONESIA:  TIMOR:  ALOR	  -8.081	  125.129	60								2																
5207		1989	8	1	0	18	  4.8	14	 5.8		 5.8	 6.0					INDONESIA		INDONESIA:  KURIMA DISTRICT, BALIEM RIVER	  -4.511	  139.022	170	     120	3					       1.000	2																
5210		1989	9	4	5	20	 55.9	9	 6.0		 6.0	 5.8					INDONESIA		INDONESIA:  TEMBAGAPURA	  -4.219	  136.667	170								2												2				
5231		1990	4	18	13	39	 19.0	26	 7.6	 7.6	 7.4	 6.2					INDONESIA		INDONESIA:  MINAHASSA PENINSULA: BOLAANG-GORONTALO	   1.186	  122.857	170	       3	1			        25	1		3			1140	4	       3	1			25	1		3			1140	4
5251		1990	7	6	0	16	 20.4	14	 4.8		 4.8	 5.8					INDONESIA		INDONESIA:  JAVA:  W, KUNINGAN, MAJALENGA	  -6.904	  108.120	60					       103	3		3	10300	4							103	3		3	10300	4		
5265		1990	11	15	2	34	 32.4	48	 6.8		 6.8	 6.0					INDONESIA		INDONESIA:   N SUMATERA, BLANGKEJEREN, KUTACANE	   3.908	   97.457	60	       1	1			        32	1	       2.100	2					       1	1			32	1	       2.100	2				
5294		1991	6	20	5	18	 52.5	31	 7.5	 7.5	 7.0	 6.2				6	INDONESIA		INDONESIA:  MINAHASSA:  GORONTALO, MAMADO	   1.196	  122.787	170								3			1500	4								3			1500	4
5296		1991	7	4	11	43	 10.4	29	 6.5		 6.5	 6.2					INDONESIA		INDONESIA:  TIMOR:  KALABAHI, DILI	  -8.099	  124.681	60	      28	1			       181	3	       7.700	3	1150	4			      28	1			181	3	       7.700	3	1150	4		
5315		1992	2	4	1	58	 39.7	58	 4.4		 4.4	 5.0					INDONESIA		INDONESIA:  JAWA, BREBES	  -7.138	  109.067	60					         1	1		3	800	3	700	3					1	1		3	800	3	700	3
5343	Tsu	1992	12	12	5	29	 26.3	28	 7.8	 7.8	 7.5	 6.5					INDONESIA		INDONESIA:  FLORES REGION, MAUMERE, BABI	  -8.480	  121.896	60	    1000	4			       500	3	     100.000	4	31785	4			    2500	4			2103	4	     100.000	4	31785	4		
5375	Tsu	1994	1	21	2	24	 29.9	20	 7.0	 7.0	 7.2	 6.2					INDONESIA		INDONESIA:  KAU	   1.015	  127.733	170	       9	1			       300	3		2			550	3	       9	1			300	3		2			550	3
5379		1994	2	15	17	7	 43.8	23	 6.9	 6.9	 7.0	 5.9					INDONESIA		INDONESIA:  SOUTHERN SUMATERA, LIWA, LAMPUNG	  -4.967	  104.302	60	     207	3			      2000	4	     170.476	4	6000	4			     207	3			2000	4	     170.476	4	6000	4		
5385	Tsu	1994	6	2	18	17	 34.0	18	 7.8	 7.8	 7.2	 5.7					INDONESIA		INDONESIA:  JAVA	 -10.477	  112.835	60		1						1					     238	3			423	3	       2.200	2	1500	4		
6832	Tsu	1994	6	3	21	6	 59.8	26	 6.6	 6.6	 6.4	 6.1					INDONESIA		INDONESIA:  JAVA	 -10.362	  112.892	60																								
10108	Tsu	1994	6	4	0	57	 50.6	11	 6.5	 6.5	 6.3	 6.0					INDONESIA		INDONESIA:  JAVA	 -10.777	  113.366	60																								
6833	Tsu	1994	6	5	1	45	  2.7	17	 6.1	 6.1	 6.3	 5.7					INDONESIA		INDONESIA:  JAVA	 -10.341	  113.369	60																								
5393	Tsu	1994	10	8	21	44	  7.2	17	 6.8	 6.8	 6.8	 6.4					INDONESIA		INDONESIA:  HALMAHERA	  -1.258	  127.980	170	       1	1			        52	2		2			500	3	       1	1			52	2		2			500	3
6491		1995	3	19	23	53	 14.9	33	 6.9	 6.9	 7.1	 6.2					INDONESIA		INDONESIA:  IRIAN JAYA REGION	  -4.183	  135.109	170								1				1								1				1
5410	Tsu	1995	5	14	11	33	 21.1	13	 6.9	 6.9	 6.9	 6.2	6.9			7	INDONESIA		INDONESIA:  TIMOR, DILI, MALIANA, MAUBARA	  -8.452	  125.049	60													      11	1			19	1		1		2		
5422		1995	10	6	18	9	 45.9	33	 6.8	 6.8	 6.9	 5.8					INDONESIA		INDONESIA:  SUMATERA, JAMBI PROVINCE	  -2.045	  101.436	60	      84	2			      1868	4		4	17600	4			      84	2			1868	4		4	17600	4		
5428	Tsu	1996	1	1	8	5	 10.8	24	 7.9	 7.9	 7.6	 6.3				6	INDONESIA		INDONESIA:  SULAWESI: MINAHASSA PENINSULA, TOLITOLI	    .729	  119.931	170								1					       9	1			63	2	       1.200	2	400	3		
5433	Tsu	1996	2	17	5	59	 30.5	33	 8.2	 8.2	 8.1	 6.5					INDONESIA		INDONESIA:  NEW GUINEA:  IRIAN JAYA:  BIAK, SUPIORI	   -.891	  136.952	170	      54	2			       423	3	       4.200	2	5043	4			     164	3			423	3	       4.200	2	5043	4		
5471		1997	8	20	7	15	 15.9	33	 6.0	 6.0	 6.0	 5.9					INDONESIA		INDONESIA:  N. SUMATERA, ACEH, BANDA ACEH, MEDAN	   4.358	   96.494	60								2		3										2		3		
5474		1997	9	28	1	38	 28.6	33	 5.9	 5.9	 5.5	 5.6					INDONESIA		INDONESIA:  SULAWESI, PAREPARE	  -3.776	  119.727	170	      20	1			       300	3	       1.100	2	650	3			      20	1			300	3	       1.100	2	650	3		
5479		1997	11	25	12	14	 33.6	24	 7.0	 7.0	 6.8	 6.1					INDONESIA		INDONESIA:  SULAWESI:  MINAHASSA PENINSULA,GORONTALO	   1.241	  122.536	170								1																
5504		1998	9	28	13	34	 30.4	152	 6.6	 6.6		 6.4					INDONESIA		INDONESIA:  JAWA, MALANG, BLITAR, BANTUR	  -8.194	  112.413	60	       1	1						1	38	1	62	2	       1	1						1	38	1	62	2
5510	Tsu	1998	11	29	14	10	 31.9	33	 7.7	 7.7	 7.7	 6.5				7	INDONESIA		INDONESIA:  MANGOLE, MANADO, TALIABU	  -2.071	  124.891	170	      41	1			       107	3	     200.000	4	1000	3			      41	1			107	3	     200.000	4	1000	3		
5549		1999	12	21	14	14	 57.6	56	 6.5	 6.5	 6.3	 6.2					INDONESIA		INDONESIA:  PANDEGLANG, W JAWA, SE SUMATERA	  -6.845	  105.555	60	       5	1			       220	3	       3.900	2			2800	4	       5	1			220	3	       3.900	2			2800	4
5557	Tsu	2000	5	4	4	21	 16.2	26	 7.6	 7.6	 7.5	 6.7					INDONESIA		INDONESIA:  SULAWESI:  LUWUK, BANGGAI, PELENG,	  -1.105	  123.573	170	      46	1			       264	3	      30.000	4	10000	4			      46	1			264	3	      30.000	4	10000	4		
5560		2000	6	4	16	28	 26.1	33	 7.9	 7.9	 8.0	 6.8				6	INDONESIA		INDONESIA:  SUMATRA:  BENGKULU, ENGGANO	  -4.721	  102.087	60	     103	3			      2174	4	       6.000	3					     103	3			2174	4	       6.000	3				
5563		2000	6	7	23	45	 26.6	33	 6.7	 6.7	 6.7	 6.1					INDONESIA		INDONESIA:  SOUTHERN SUMATERA:  LAHAT	  -4.612	  101.905	60	       1	1						2			600	3	       1	1						2			600	3
5570		2000	7	12	1	10	 42.6	33	 5.4	 5.4	 5.0	 5.2					INDONESIA		INDONESIA: JAWA:BANDUNG,CIBADAK,CIMANDIRI,KADUDAMPIT	  -6.675	  106.845	60					         6	1		2			225	3					6	1		2			225	3
5610		2001	10	19	3	28	 44.4	33	 7.5	 7.5	 7.3	 6.3					INDONESIA		INDONESIA:  BANDA SEA	  -4.102	  123.907	170																								
5644		2002	8	15	5	30	 26.2	10	 6.2	 6.2	 5.8	 5.7					INDONESIA		INDONESIA:   SULAWESI:  TOJO	  -1.196	  121.333	170	      48	1						2			200	3	      48	1						2			200	3
5651		2002	9	20	15	43	 35.4	10	 6.4	 6.4	 6.4	 5.9					INDONESIA		INDONESIA:  NEW GUINEA:  IRIAN JAYA:  RANSIKI	  -1.680	  134.234	170								1			31	1								1			31	1
5656	Tsu	2002	10	10	10	50	 20.5	10	 7.6	 7.6	 7.7	 6.5					INDONESIA		INDONESIA: NEW GUINEA: MANOKWARI, ORANSBARI, RANSIKI	  -1.757	  134.297	170	       8	1			       632	3		3	1000	3	900	3	       8	1			632	3		3	1000	3	900	3
5662		2002	11	2	1	26	 10.7	30	 7.3	 7.3	 7.6	 6.2					INDONESIA		INDONESIA:  SUMATERA:  SIMEULUE	   2.824	   96.085	60	       3	1			        65	2		3			994	3	       3	1			65	2		3			994	3
5674		2003	1	23	0	8	 22.8	33	 5.5	 5.5	 5.1	 5.3				6	INDONESIA		INDONESIA:  SUMBAWA ISLAND:  DOMPU	  -8.807	  118.524	60					         2	1		2			500	3					2	1		2			500	3
5684		2003	3	21	11	38	 20.0	33	 4.6			 4.6					INDONESIA		INDONESIA:  JAVA:  CARACAS, CILIMUS, SAMPORA	  -6.983	  108.468	60								2												2			800	3
5702		2003	3	25	2	53	 25.0	33	 6.5	 6.5	 6.1	 6.2					INDONESIA		INDONESIA:  FLORES:  REO	  -8.294	  120.743	60	       4	1			        20	1		1				2	       4	1			20	1		1				2
5696		2003	5	26	19	23	 27.9	31	 7.0	 7.0	 7.1	 6.5					INDONESIA		INDONESIA:  MOROTAI, BEREBERE, DARUBA	   2.354	  128.855	170	       1	1			         7	1		1	28	1	20	1	       1	1			7	1		1	28	1	20	1
5713		2003	8	11	0	19	  9.2	10	 6.0	 6.0	 5.6	 5.7					INDONESIA		INDONESIA:  HALMAHERA:  WASILE	   1.142	  128.152	170								2			200	3								2			200	3
5745		2003	12	5	23	41	 27.4	33	 4.9		 4.9	 5.4					INDONESIA		INDONESIA:  FLORES, RUTENG	  -8.137	  120.524	60								1				1								1				1
5752		2004	1	1	20	59	 31.9	45	 5.8	 5.8	 5.4	 5.5				6	INDONESIA		INDONESIA:  BALI, LOMBOK	  -8.310	  115.788	60	       1	1			        29	1	      12.000	3	6000	4			       1	1			29	1	      12.000	3	6000	4		
6611	Tsu	2004	1	28	22	15	 30.7	17	 6.7	 6.7	 6.5	 6.0					INDONESIA		INDONESIA:  SERAM	  -3.120	  127.400	170																								
5758		2004	2	5	21	5	  2.8	17	 7.0	 7.0	 7.1	 6.1					INDONESIA		INDONESIA:  NABIRE	  -3.615	  135.538	170	      37	1			       682	3	       1.000	2	2678	4			      37	1			682	3	       1.000	2	2678	4		
5759		2004	2	7	2	42	 35.2	10	 7.3	 7.3	 7.5	 6.2					INDONESIA		INDONESIA:  NABIRE	  -4.003	  135.023	170								1												1				
5762		2004	2	16	14	44	 39.9	56	 5.1	 5.1	 4.5	 5.2					INDONESIA		INDONESIA:  SUMATRA:  PADANGPANJANG	   -.466	  100.655	60	       5	1			         7	1		1					       5	1			7	1					100	2
5763		2004	2	22	6	46	 27.0	42	 6.0	 6.0	 5.7	 6.3					INDONESIA		INDONESIA:  SUMATRA:  PESISIR SELATAN	  -1.559	  100.488	60					         1	1		1									1	1		1				3
5772		2004	4	9	1	55	 50.7	66	 5.4	 5.4		 5.5					INDONESIA		INDONESIA:  SUMATRA:  PADANG	  -1.549	  100.540	60								1												1				1
5774		2004	4	16	18	32	 24.0	96	 5.5	 5.5		 5.5					INDONESIA		INDONESIA:  BALI	  -8.669	  114.650	60								1				1								1				1
5775		2004	4	23	1	50	 30.2	66	 6.7	 6.7		 6.5					INDONESIA		INDONESIA:  TIMOR: KUPANG	  -9.362	  122.839	60								1												1				
5810	Tsu	2004	11	11	21	26	 41.1	10	 7.5	 7.5	 7.3	 6.5					INDONESIA		INDONESIA:  KEPULAUAN ALOR	  -8.152	  124.868	60	      34	1			       400	3		3	781	3	16712	4	      34	1			400	3		3	781	3	16712	4
5817		2004	11	26	2	25	  3.3	10	 7.1	 7.1	 7.2	 6.2				8	INDONESIA		INDONESIA:  NABIRE	  -3.609	  135.404	170	      32	1			       130	3	      55.000	4	328	3			      32	1			130	3	      55.000	4	328	3		
5823	Tsu	2004	12	26	0	58	 53.4	30	 9.1	 9.1	 8.8	 7.0					INDONESIA		INDONESIA:  SUMATRA:  ACEH:  OFF WEST COAST	   3.316	   95.854	60	    1001	4				3	   10000.000	4		3		3	  227899	4				3	   10000.000	4		4		4
5839		2005	1	23	20	10	 12.1	11	 6.3	 6.3	 5.9	 5.8					INDONESIA		INDONESIA:  SULAWESI:  PALU	  -1.198	  119.933	170	       1	1			         4	1		2					       1	1			4	1		2				
5844		2005	2	2	5	55	 18.2	15	 4.8			 4.8					INDONESIA		INDONESIA:  JAVA:  GARUT	  -7.037	  107.819	60	       1	1				2		2		2		2	       1	1				2		2		2		
6657	Tsu	2005	3	28	16	9	 36.5	30	 8.6	 8.6	 8.4	 7.2					INDONESIA		INDONESIA:  SUMATERA:  SW	   2.085	   97.108	60	    1303	4			       340	3		4	300	3	300	3	    1313	4			340	3		4	300	3		
6659	Tsu	2005	4	10	10	29	 11.2	19	 6.7	 6.7	 6.7	 6.4				5	INDONESIA		INDONESIA:  PADANG	  -1.644	   99.607	60																								
6757		2005	7	5	1	52	  2.9	21	 6.7	 6.7	 6.8	 6.2					INDONESIA		INDONESIA:  SUMATRA:  NIAS ISLAND:  GUNUNGSITOLI	   1.819	   97.082	60								1												1				
6758		2005	7	9	23	59	 17.0	32	 5.9	 5.9	 5.5	 5.6					INDONESIA		INDONESIA:  SULAWESI:  DONGGALA	  -1.174	  119.963	170								1	6	1	6	1								1	6	1		
6760		2005	7	18	2	4	 59.8	10	 5.3	 5.3	 5.2	 5.7					INDONESIA		INDONESIA:  TIMOR:  TIMOR TENGAH UTARA	  -9.948	  124.480	60								1		1		1								1		1		
8956		2006	1	27	16	58	 53.6	397	 7.6	 7.6		 7.0					INDONESIA		INDONESIA:  BANDA SEA	  -5.473	  128.131	170																								
7230	Tsu	2006	3	14	6	57	 33.8	30	 6.7	 6.7	 6.7	 6.4					INDONESIA		INDONESIA:  SERAM	  -3.595	  127.214	170								2	241	3			       4	1						2	241	3		
7233		2006	3	28	8	35	 43.3	30	 5.0			 5.0					INDONESIA		INDONESIA:  N. SUMATRA: TAPAKTUAN	   3.462	   97.224	60								1												1				
7244		2006	5	12	8	16	 56.5	17	 5.5	 5.5	 4.9	 5.4					INDONESIA		INDONESIA:  SUMATRA:  KALIANDAK	  -5.575	  105.395	60								1		2		2								1		2		
7245		2006	5	26	22	53	 58.9	13	 6.3	 6.3	 6.2	 6.0					INDONESIA		INDONESIA:   JAVA:  BANTUL, YOGYAKARTA	  -7.961	  110.446	60	    5749	4			     38568	4	    3100.000	4	127000	4	127000	4	    5749	4			38568	4	    3100.000	4	127000	4		
7181	Tsu	2006	7	17	8	19	 25.0	34	 7.7	 7.7	 7.2	 6.1					INDONESIA		INDONESIA:  JAVA	  -9.254	  107.411	60													     802	3			498	3	      55.000	4	1623	4		
7419		2006	11	24	6	33	 26.4	31	 5.2			 5.2					INDONESIA		INDONESIA:  SULAWESI: PINRANG	  -3.728	  119.233	170								1												1				
7414		2006	11	29	1	32	 17.9	39	 6.2	 6.2	 5.9	 5.9					INDONESIA		INDONESIA:  HALMAHERA:  MOROTAI	   2.520	  128.283	170								2	50	1										2	50	1		
7420		2006	12	1	14	1	 47.5	43	 6.3	 6.3	 6.0	 5.9					INDONESIA		INDONESIA:  SUMABAWA:  BIMA	  -8.251	  118.777	60	       1	1			        14	1		1	20	1			       1	1			14	1		1	20	1		
7444		2006	12	17	21	39	 17.4	30	 5.8	 5.8	 5.8	 5.5					INDONESIA		INDONESIA:  SUMATERA:  NORTHERN, MUARASIPONGI	    .626	   99.859	60	       7	1			       100	2		3	680	3			       7	1			100	2		3	680	2		
7456		2007	1	21	11	27	 45.0	22	 7.5	 7.5	 7.3	 6.7					INDONESIA		INDONESIA:  MOLUCCA ISLANDS:  N	   1.065	  126.282	170	       4	1			         4	1		1					       4	1			4	1		1				
7481		2007	3	6	3	49	 38.9	19	 6.4	 6.4	 6.4	 5.9				8	INDONESIA		INDONESIA:  SUMATRA:  SOUTHERN	   -.493	  100.498	60	      67	2			       826	3		3	43719	4		4	      67	2			826	3		3	43719	4		4
7524		2007	5	29	9	36	  5.6	24	 6.1	 6.1	 5.8	 6.0					INDONESIA		INDONESIA: LABUHA	  -1.065	  127.343	170								1		2										1		2		
7599		2007	7	26	5	40	 16.1	25	 6.9	 6.9	 6.8	 6.4					INDONESIA		INDONESIA:  MALUKU:  N	   2.872	  127.464	170						2		1		1								2		1		1		
7533		2007	8	8	17	4	 58.0	289	 7.5	 7.5							INDONESIA		INDONESIA:  JAVA	  -5.968	  107.655	60																								
7617		2007	9	9	18	36	 37.6	35	 4.8			 4.8					INDONESIA		INDONESIA:  SITUBONDO	  -7.783	  114.338	60					        13	1		1									13	1		1				
7574	Tsu	2007	9	12	11	10	 26.8	34	 8.4	 8.4	 8.5	 6.9					INDONESIA		INDONESIA:  SUMATRA	  -4.438	  101.367	60	      25	1			       161	3		3	56425	4		4	      25	1			161	3		3	56425	4		4
7575		2007	9	12	23	49	  3.7	35	 7.9	 7.9	 8.1	 6.6					INDONESIA		INDONESIA:  SUMATRA	  -2.625	  100.841	60																								
7674		2007	11	25	16	2	 17.9	35	 6.5	 6.5		 6.2	6.3				INDONESIA		INDONESIA:  SUMBAWA ISLAND	  -8.277	  118.339	60	       3	1				3		2		3			       3	1				3		2		3		
7747		2008	1	7	3	12	 26.8	12	 5.9	 5.9	 5.6	 6.0					INDONESIA		INDONESIA: NEW GUINEA: MANOKWARI,	   -.795	  134.012	170					         6	1		1			22	1					6	1		1			22	1
7750		2008	1	22	17	14	 57.9	20	 6.1	 6.1		 5.9					INDONESIA		INDONESIA:  SUMATRA:  NIAS ISLAND:  GUNUNGSITOLI	   1.011	   97.442	60	       1	1			         5	1		1					       1	1			5	1		1				2
7870		2008	2	20	8	8	 30.5	26	 7.4	 7.4	 7.5	 6.5					INDONESIA		INDONESIA:  SUMATERA:  ACEH PROVINCE	   2.768	   95.964	60	       3	1			        25	1							       3	1			25	1						
7743	Tsu	2008	2	25	8	36	 33.0	25	 6.5	 6.5	 6.6	 6.4					INDONESIA		INDONESIA:  SUMATRA:  PADANG	  -2.486	   99.972	60								1				2								1				2
8185		2008	9	9	3	7	 27.5	25	 5.4			 5.4					INDONESIA		INDONESIA:  SUMATRA:  SOUTHERN	  -3.935	  103.058	60	       2	1						2					       2	1						2			113	3
8191	Tsu	2008	11	16	17	2	 32.7	30	 7.3	 7.3	 7.0	 6.5					INDONESIA		INDONESIA:  MINAHASSA PENINSULA	   1.271	  122.091	170	       6	1			        77	2		3			1000	3	       6	1			77	2		3			1000	3
8204	Tsu	2009	1	3	19	43	 50.6	17	 7.6	 7.6	 7.5	 6.6					INDONESIA		PAPUA NEW GUINEA:  NEAR NORTH COAST	   -.414	  132.885	170	       5	1			       250	3		3			840	3	       5	1			250	3		3			840	3
8211	Tsu	2009	1	3	22	33	 40.2	23	 7.3	 7.3	 7.4	 6.7					INDONESIA		PAPUA NEW GUINEA:  NEAR NORTH COAST	   -.691	  133.305	170																								
8251	Tsu	2009	2	11	17	34	 50.8	22	 7.2	 7.2	 7.2	 6.6					INDONESIA		INDONESIA:  KEPULAUAN TALAUD	   3.884	  126.397	170					        64	2		2			597	3					64	2		2			597	3
8472	Tsu	2009	8	16	7	38	 21.7	20	 6.7	 6.7	 6.7	 6.5					INDONESIA		INDONESIA:  SUMATRA:  PADANG	  -1.479	   99.490	60					         9	1											9	1						
8386	Tsu	2009	9	2	7	55	  1.0	46	 7.0	 7.0	 7.0	 6.8					INDONESIA		INDONESIA:  JAVA	  -7.782	  107.297	60	      81	2			      1297	4		3			54000	4	      81	2			1297	4		3			54000	4
8534		2009	9	18	23	6	 57.7	79	 5.7	 5.7		 6.0					INDONESIA		INDONESIA:  BALI:  DENPASAR	  -9.138	  115.593	60					         7	1		1				2					7	1		1				2
8409	Tsu	2009	9	30	10	16	  9.2	81	 7.5	 7.5		 7.1					INDONESIA		INDONESIA:  SUMATRA:  PADANG	   -.720	   99.867	60	    1117	4			      1214	4	    2200.000	4		3	181665	4	    1117	4			1214	4	    2200.000	4		3	181665	4
8552		2009	10	1	1	52	 27.3	10	 6.6	 6.6	 6.7	 5.9					INDONESIA		INDONESIA:  SUMATRA:  SOUTHERN:  KERINCI	  -2.515	  101.501	60	       3	1					      10.000	3		3		3	       3	1					      10.000	3		3		
8451		2009	11	8	19	41	 43.3	18	 6.6	 6.6	 6.5	 6.3					INDONESIA		INDONESIA:  SUMABAWA:  BIMA	  -8.207	  118.631	60	       2	1			       200	3	       2.430	2					       2	1			200	3	       2.430	2				2
8992		2010	1	10	0	25	  4.2	65	 5.1			 5.1					INDONESIA		INDONESIA:  JAVA:  GARUT	  -7.907	  107.879	60	       1	1			         2	1							       1	1			2	1						
8973	Tsu	2010	4	6	22	15	  1.5	31	 7.8	 7.8	 7.9	 7.0					INDONESIA		INDONESIA:  SUMATRA	   2.383	   97.048	60																								
9092		2010	5	9	5	59	 41.6	38	 7.2	 7.2	 7.3	 6.6					INDONESIA		INDONESIA:  N. SUMATRA: SIMEULUE ISLAND	   3.748	   96.018	60								1												1				
9292		2010	6	16	3	16	 27.5	18	 7.0	 7.0	 7.1	 6.7				6	INDONESIA		INDONESIA: NEW GUINEA:  IRIAN JAYA: JAPEN	  -2.174	  136.543	170	      17	1						3	2556	4			      17	1						3	2556	4		
9592	Tsu	2010	10	25	14	42	 22.0	20	 7.8	 7.8	 7.3	 6.5					INDONESIA		INDONESIA:  SUMATRA	  -3.487	  100.082	60													     431	3					      39.000	4	700	3		
9864		2011	4	24	23	7	 51.4	8	 6.1	 6.1	 5.8	 5.7					INDONESIA		INDONESIA:   SULAWESI:  KENDARI	  -4.586	  122.771	170					        14	1		2		2							14	1		2		2		
9840		2011	9	5	17	55	 11.2	91	 6.7	 6.7		 6.6					INDONESIA		INDONESIA:  SUMATRA	   2.965	   97.893	60	      10	1						1				2	      10	1						1				2
9879	Tsu	2012	4	11	8	38	 36.7	20	 8.6	 8.6	 8.5	 7.4					INDONESIA		INDONESIA:  N SUMATRA:  OFF WEST COAST	   2.327	   93.063	60	      10	1			        12	1		1				2	      10	1			12	1		1				2
9880	Tsu	2012	4	11	10	43	 10.8	25	 8.2	 8.2		 7.2					INDONESIA		INDONESIA:  N SUMATRA:  OFF WEST COAST	    .802	   92.463	60																								
9909		2012	6	4	11	18	 13.4	50	 5.8	 5.8	 5.2	 5.9					INDONESIA		INDONESIA:  JAVA	  -7.692	  106.371	60					         2	1		1			23	1					2	1		1			23	1
9951		2012	7	25	0	27	 45.2	22	 6.5	 6.5	 6.5	 5.9					INDONESIA		INDONESIA: BANDA ACEH	   2.707	   96.045	60	       1	1						1			20	1	       1	1						1			20	1
9938		2012	8	18	9	41	 52.4	10	 6.3	 6.3	 6.1	 5.8					INDONESIA		INDONESIA:  SULAWESI:  SIGI, PARIGI MOUNTONG	  -1.315	  120.096	170	       6	1			        43	1		4	471	3	1097	4	       6	1			43	1		4	471	3	1097	4
9957		2013	1	21	22	22	 52.7	12	 6.1	 6.1	 6.0	 5.8					INDONESIA		INDONESIA:  SUMATERA:  N	   4.927	   95.907	60	       1	1			        15	1		1			71	2	       1	1			15	1		1			71	2
10006		2013	6	22	5	42	 39.8	47	 5.1	 5.1		 5.1					INDONESIA		INDONESIA:  LOMBOK ISLAND	  -8.305	  116.058	60					        50	1		3	5370	3	1700	4					50	1		3	5370	4	1700	4
10005		2013	7	2	7	37	  2.6	13	 6.1	 6.1	 6.2	 5.9					INDONESIA		INDONESIA:  BANDA ACEH	   4.645	   96.665	60	      42	1			      2500	4		3	20401	4			      42	1	6	1	2500	4		3	20401	4		
10038		2013	7	8	2	13	 40.6	60	 5.7	 5.7		 5.5					INDONESIA		INDONESIA:  JAVA	  -8.803	  113.002	60					         1	1		1	124	3							1	1		1	124	3		
10050		2013	10	22	5	40	  1.0	10	 5.5	 5.5						5	INDONESIA		INDONESIA:  BANDA ACEH	   5.103	   95.971	60	       1	1			         2	1		1			160	3	       1	1			2	1		1			160	3
10070		2014	1	25	5	14	 51.0	66	 6.1	 6.1						5	INDONESIA		INDONESIA:  JAVA:  BANYUMAS	  -7.986	  109.265	60								1	1	1		2								1	1	1		2
10119	Tsu	2014	11	15	2	32	 12.0	45	 7.1	 7.1						5	INDONESIA		INDONESIA:  N. MOLUCCAS ISLANDS	   1.893	  126.522	170																								
10149		2015	7	27	21	42	 11.0	48	 7.0	 7.0						5	INDONESIA		INDONESIA:  PAPUA	  -2.629	  138.528	170	       1	1						1	1	1	6	1	       1	1						1	1	1	6	1
10158		2015	9	24	15	53	    	10	 6.6	 6.6						5	INDONESIA		INDONESIA:  SORONG	   -.590	  131.270	170					        62	2		2			260	3					62	2		2			260	3
10343		2015	11	4	3	44	 19.0	20	 6.5	 6.5						5	INDONESIA		INDONESIA:  EAST NUSA TENGGARA:  ALOR	  -8.338	  124.875	60							       9.000	3			1468	4							       9.000	3			1468	4
10171		2016	1	16	23	22	  4.0	4	 5.6	 5.6						3	INDONESIA		INDONESIA: MALUKU:  BURU, AMBALAU ISLAND	  -3.873	  127.229	170	       1	1			        22	1		1			230	3	       1	1			22	1		1			230	3
10175	Tsu	2016	3	2	12	49	 11.0	24	 7.8	 7.8						5	INDONESIA		INDONESIA: SUMATRA:	  -4.952	   94.330	60																								
10365		2016	6	1	22	56	  8.0	50	 6.6	 6.6						5	INDONESIA		INDONESIA:  SUMATRA:  PESISIR SELATAN	  -2.097	  100.665	60	       1	1			        30	1		2			2663	4	       1	1			30	1		2			2663	4
10185		2016	6	7	19	15	 33.0	31	 6.3	 6.3						4	INDONESIA		INDONESIA:  MALUKU:  TERNATE ISLAND	   1.279	  126.371	170								1				1								1				1
10189		2016	7	31	23	41	 28.0	21	 5.6	 5.6						6	INDONESIA		INDONESIA:  SUMBAWA ISLAND:  WEST NUSA TENGGARA	  -8.194	  117.814	60					         4	1		2			700	3					4	1		2			700	3
10215		2016	12	6	22	3	 39.0	13	 6.5	 6.5						8	INDONESIA		INDONESIA:  SUMATRA:  ACEH:  PIDIE JAYA	   5.283	   96.168	60	     104	3			       857	3	     100.000	4	245	3	18752	4	     104	3			857	3	     100.000	4	245	3	18752	4
10436		2017	3	21	23	10	 15.0	112	 5.6	 5.6							INDONESIA		INDONESIA:  BALI	  -8.492	  115.323	60					         4	1		2		1							4	1		2		1		
10250		2017	5	29	14	35	 51.0	12	 6.6	 6.6	 6.4	 6.2				7	INDONESIA		INDONESIA:  SULAWESI:  POSO	  -1.292	  120.431	170					        25	1		2	5	1	348	3					25	1		2	5	1	348	3
10319		2017	10	31	11	50	 37.0	6	 6.1	 6.1						5	INDONESIA		INDONESIA:  MALUKU:  AMBON	  -3.745	  127.752	170	       1	1						1			14	1	       1	1						1			14	1
10282		2017	11	18	16	7	  3.0	8	 5.8	 5.8							INDONESIA		INDONESIA: NORTH MALUKU: MOROTAI	   2.465	  128.148	170	       1	1						2			294	3	       1	1						2			294	3
10287		2017	12	15	16	47	 56.0	92	 6.5	 6.5							INDONESIA		INDONESIA:  JAVA	  -7.734	  108.023	60	       4	1			        36	1		2			4825	4	       4	1			36	1		2			4825	4
10299		2018	1	23	6	34	 54.0	44	 6.0	 6.0							INDONESIA		INDONESIA:  JAVA:  BANTEN	  -7.196	  105.918	60	       1	1			        11	1		2			2760	4	       1	1			11	1		2			2760	4
10327		2018	4	18	6	28	 35.0	4	 4.4						 4.4	2	INDONESIA		INDONESIA:  JAVA:  BANJARNEGARA	  -7.210	  109.650	60	       3	1			        21	1		2			316	3	       3	1			21	1		2			316	3
10348		2018	7	21	7	58	 15.0	10	 5.2	 5.2							INDONESIA		INDONESIA: SUMATRA: SOLOK	   -.965	  100.771	60	       1	1			         2	1		1	2	1	10	1	       1	1			2	1		1	2	1	10	1
10349		2018	7	28	22	47	 37.0	6	 6.4	 6.4							INDONESIA		INDONESIA:  LOMBOK ISLAND	  -8.274	  116.491	60	      17	1			       355	3		3	5448	4		3	      17	1			355	3		3	5448	4		3
10351	Tsu	2018	8	5	11	46	 37.0	31	 6.9	 6.9							INDONESIA		INDONESIA:  LOMBOK ISLAND	  -8.287	  116.452	60	     560	3			      7733	4	     509.000	4		3	83392	4	     560	3			7733	4	     509.000	4		3	83392	4
10352		2018	8	9	5	25	 31.0	10	 5.9	 5.9							INDONESIA		INDONESIA:  LOMBOK ISLAND	  -8.394	  116.208	60	       2	1			        24	1		2				3	       2	1			24	1		2				3
10354		2018	8	19	4	10	 21.0	8	 6.3	 6.3							INDONESIA		INDONESIA:  LOMBOK ISLAND	  -8.325	  116.577	60	       2	1			         1	1		2			1705	4	       2	1			1	1		2			1705	4
10355		2018	8	19	14	56	 28.0	26	 6.9	 6.9							INDONESIA		INDONESIA:  LOMBOK ISLAND	  -8.324	  116.626	60	      10	1			        24	1		2			151	3	      10	1			24	1		2			151	3
10369	Tsu	2018	9	28	10	2	 43.0	10	 7.5	 7.5						8	INDONESIA		INDONESIA:  SULAWESI	   -.178	  119.840	170	    3879	4			      4612	4	    1500.000	4	5864	4	69483	4	    3879	4			4612	4	    1500.000	4	5864	4	69483	4
10371		2018	10	10	18	44	 55.0	9	 6.0	 6.0						5	INDONESIA		INDONESIA:  MADURA ISLAND, JAVA	  -7.456	  114.453	60	       4	1			        36	1		1			433	3	       4	1			36	1		1			433	3
10374		2018	11	14	23	1	 21.0	9	 5.6	 5.6							INDONESIA		INDONESIA:  SULAWESI:  MAMASA	  -2.916	  119.435	170	       7	1						2				3	       7	1						2				3
10398		2019	2	27	23	27	  4.0	10	 5.4	 5.4							INDONESIA		INDONESIA: SUMATRA: SOLOK	  -1.301	  101.601	60					        48	1		2			343	3					48	1		2			343	3
10399		2019	3	17	7	7	 27.0	24	 5.5	 5.5							INDONESIA		INDONESIA:  LOMBOK ISLAND	  -8.418	  116.520	60	       6	1				1		2	843	3	3613	4	       6	1				1		2	843	3	3613	4
10402		2019	4	12	11	40	 49.0	18	 6.8	 6.8							INDONESIA		INDONESIA:  SULAWESI ISLAND: LUWUK	  -1.852	  122.553	60	       1	1											       1	1										
10426		2019	7	14	9	10	 50.0	10	 7.3	 7.3							INDONESIA		INDONESIA:  MOLUCCA ISLANDS:  N	   -.529	  128.093	170	       8	1			       134	3		2	1176	4	1158	4	       8	1			134	3		2	1176	4	1158	4
10431		2019	8	2	12	3	 27.0	53	 6.9	 6.9							INDONESIA		INDONESIA:  JAVA:  BANTEN	  -7.267	  104.825	60	       6	1			         3	1		2	13	1	458	3	       6				3	1		2	13	1	458	3
10448		2019	9	25	23	46	 44.0	18	 6.5	 6.5							INDONESIA		INDONESIA:  MALUKU:  AMBON	  -3.450	  128.347	170	      31	1			       179	3		3		1	2675	2	      31	1			179	3		3		1	2675	4
10452		2019	10	10	4	39	 48.0	54	 5.0			 5.0				7	INDONESIA		INDONESIA:  PASSO	  -3.650	  128.216	170	       1	1			         2	1		2				1	       1	1			2	1		2				1
10458		2019	11	12	10	10	 44.0	50	 5.0			 5.0					INDONESIA		INDONESIA:  MALUKU:  AMBON	  -3.610	  128.299	170	       2	1			         3	1		1		1			       2	1			3	1		1		1		
10457	Tsu	2019	11	14	16	17	 40.0	33	 7.1	 7.1							INDONESIA		INDONESIA:  MOLUCCA ISLANDS:  N	   1.600	  126.416	170	       1	1			         3	1		1			36	1	       1	1			3	1		1			36	1
10483		2020	3	10	10	18	  6.0	23	 5.0			 5.0				8	INDONESIA		INDONESIA:  JAVA:  SUKABUMI, BOGOR	  -6.808	  106.676	60					         4	1		2			1137	4					4	1		2			1137	4
